timestamp,symbol,side,order_type,price,quantity,order_id,trader_id
1764167400000,GOOGL,BUY,LIMIT,320.239990234375,41026,1,1000
1764167400000,GOOGL,SELL,LIMIT,322.0799865722656,41026,2,1001
1764167460000,GOOGL,BUY,LIMIT,320.3399963378906,4072,3,1000
1764167460000,GOOGL,SELL,LIMIT,322.55999755859375,4072,4,1001
1764167520000,GOOGL,BUY,LIMIT,321.82000732421875,3977,5,1000
1764167520000,GOOGL,SELL,LIMIT,324.44000244140625,3977,6,1001
1764167580000,GOOGL,BUY,LIMIT,321.3800048828125,3546,7,1000
1764167580000,GOOGL,SELL,LIMIT,324.5,3546,8,1001
1764167640000,GOOGL,BUY,LIMIT,321.05999755859375,2183,9,1000
1764167640000,GOOGL,SELL,LIMIT,321.7699890136719,2183,10,1001
1764167700000,GOOGL,BUY,LIMIT,321.3399963378906,2078,11,1000
1764167700000,GOOGL,SELL,LIMIT,322.1499938964844,2078,12,1001
1764167760000,GOOGL,BUY,LIMIT,321.29998779296875,1844,13,1000
1764167760000,GOOGL,SELL,LIMIT,322.4599914550781,1844,14,1001
1764167820000,GOOGL,BUY,LIMIT,320.79998779296875,1966,15,1000
1764167820000,GOOGL,SELL,LIMIT,321.8800048828125,1966,16,1001
1764167880000,GOOGL,BUY,LIMIT,319.34130859375,3048,17,1000
1764167880000,GOOGL,SELL,LIMIT,320.99249267578125,3048,18,1001
1764167940000,GOOGL,BUY,LIMIT,319.75,2240,19,1000
1764167940000,GOOGL,SELL,LIMIT,321.2699890136719,2240,20,1001
1764168000000,GOOGL,BUY,LIMIT,320.3500061035156,1662,21,1000
1764168000000,GOOGL,SELL,LIMIT,321.1300048828125,1662,22,1001
1764168060000,GOOGL,BUY,LIMIT,319.6400146484375,2083,23,1000
1764168060000,GOOGL,SELL,LIMIT,320.7699890136719,2083,24,1001
1764168120000,GOOGL,BUY,LIMIT,319.4200134277344,1938,25,1000
1764168120000,GOOGL,SELL,LIMIT,320.3800048828125,1938,26,1001
1764168180000,GOOGL,BUY,LIMIT,320.2950134277344,1779,27,1000
1764168180000,GOOGL,SELL,LIMIT,321.760009765625,1779,28,1001
1764168240000,GOOGL,BUY,LIMIT,320.4159851074219,1689,29,1000
1764168240000,GOOGL,SELL,LIMIT,321.3299865722656,1689,30,1001
1764168300000,GOOGL,BUY,LIMIT,320.6300048828125,1257,31,1000
1764168300000,GOOGL,SELL,LIMIT,321.4150085449219,1257,32,1001
1764168360000,GOOGL,BUY,LIMIT,320.82000732421875,2254,33,1000
1764168360000,GOOGL,SELL,LIMIT,322.6600036621094,2254,34,1001
1764168420000,GOOGL,BUY,LIMIT,322.19000244140625,1612,35,1000
1764168420000,GOOGL,SELL,LIMIT,322.8500061035156,1612,36,1001
1764168480000,GOOGL,BUY,LIMIT,322.2099914550781,1404,37,1000
1764168480000,GOOGL,SELL,LIMIT,322.8699951171875,1404,38,1001
1764168540000,GOOGL,BUY,LIMIT,321.8974914550781,2024,39,1000
1764168540000,GOOGL,SELL,LIMIT,322.7799987792969,2024,40,1001
1764168600000,GOOGL,BUY,LIMIT,321.7699890136719,1305,41,1000
1764168600000,GOOGL,SELL,LIMIT,322.6499938964844,1305,42,1001
1764168660000,GOOGL,BUY,LIMIT,321.2099914550781,1411,43,1000
1764168660000,GOOGL,SELL,LIMIT,322.20001220703125,1411,44,1001
1764168720000,GOOGL,BUY,LIMIT,320.70001220703125,1298,45,1000
1764168720000,GOOGL,SELL,LIMIT,321.6600036621094,1298,46,1001
1764168780000,GOOGL,BUY,LIMIT,321.5400085449219,1532,47,1000
1764168780000,GOOGL,SELL,LIMIT,322.1841125488281,1532,48,1001
1764168840000,GOOGL,BUY,LIMIT,322.0,1248,49,1000
1764168840000,GOOGL,SELL,LIMIT,322.5799865722656,1248,50,1001
1764168900000,GOOGL,BUY,LIMIT,322.1199951171875,1090,51,1000
1764168900000,GOOGL,SELL,LIMIT,322.67999267578125,1090,52,1001
1764168960000,GOOGL,BUY,LIMIT,321.3299865722656,1581,53,1000
1764168960000,GOOGL,SELL,LIMIT,322.3500061035156,1581,54,1001
1764169020000,GOOGL,BUY,LIMIT,321.6400146484375,1026,55,1000
1764169020000,GOOGL,SELL,LIMIT,322.2850036621094,1026,56,1001
1764169080000,GOOGL,BUY,LIMIT,321.2900085449219,792,57,1000
1764169080000,GOOGL,SELL,LIMIT,322.1199951171875,792,58,1001
1764169140000,GOOGL,BUY,LIMIT,320.6300048828125,1875,59,1000
1764169140000,GOOGL,SELL,LIMIT,321.375,1875,60,1001
1764169200000,GOOGL,BUY,LIMIT,319.80999755859375,1884,61,1000
1764169200000,GOOGL,SELL,LIMIT,320.79998779296875,1884,62,1001
1764169260000,GOOGL,BUY,LIMIT,319.0,3134,63,1000
1764169260000,GOOGL,SELL,LIMIT,320.3988037109375,3134,64,1001
1764169320000,GOOGL,BUY,LIMIT,319.1000061035156,1737,65,1000
1764169320000,GOOGL,SELL,LIMIT,320.4700012207031,1737,66,1001
1764169380000,GOOGL,BUY,LIMIT,319.5199890136719,1365,67,1000
1764169380000,GOOGL,SELL,LIMIT,320.70001220703125,1365,68,1001
1764169440000,GOOGL,BUY,LIMIT,319.2699890136719,1166,69,1000
1764169440000,GOOGL,SELL,LIMIT,319.7699890136719,1166,70,1001
1764169500000,GOOGL,BUY,LIMIT,318.8349914550781,1710,71,1000
1764169500000,GOOGL,SELL,LIMIT,320.07000732421875,1710,72,1001
1764169560000,GOOGL,BUY,LIMIT,318.9849853515625,965,73,1000
1764169560000,GOOGL,SELL,LIMIT,319.6499938964844,965,74,1001
1764169620000,GOOGL,BUY,LIMIT,318.95159912109375,750,75,1000
1764169620000,GOOGL,SELL,LIMIT,319.4800109863281,750,76,1001
1764169680000,GOOGL,BUY,LIMIT,319.0,896,77,1000
1764169680000,GOOGL,SELL,LIMIT,319.4299011230469,896,78,1001
1764169740000,GOOGL,BUY,LIMIT,319.2099914550781,830,79,1000
1764169740000,GOOGL,SELL,LIMIT,319.6000061035156,830,80,1001
1764169800000,GOOGL,BUY,LIMIT,319.0,880,81,1000
1764169800000,GOOGL,SELL,LIMIT,319.7200012207031,880,82,1001
1764169860000,GOOGL,BUY,LIMIT,318.69000244140625,1071,83,1000
1764169860000,GOOGL,SELL,LIMIT,319.32000732421875,1071,84,1001
1764169920000,GOOGL,BUY,LIMIT,318.6499938964844,908,85,1000
1764169920000,GOOGL,SELL,LIMIT,319.1099853515625,908,86,1001
1764169980000,GOOGL,BUY,LIMIT,318.70001220703125,751,87,1000
1764169980000,GOOGL,SELL,LIMIT,319.0849914550781,751,88,1001
1764170040000,GOOGL,BUY,LIMIT,318.63360595703125,808,89,1000
1764170040000,GOOGL,SELL,LIMIT,319.0,808,90,1001
1764170100000,GOOGL,BUY,LIMIT,318.79998779296875,1128,91,1000
1764170100000,GOOGL,SELL,LIMIT,319.32000732421875,1128,92,1001
1764170160000,GOOGL,BUY,LIMIT,318.67999267578125,1020,93,1000
1764170160000,GOOGL,SELL,LIMIT,319.3500061035156,1020,94,1001
1764170220000,GOOGL,BUY,LIMIT,318.55999755859375,917,95,1000
1764170220000,GOOGL,SELL,LIMIT,319.14788818359375,917,96,1001
1764170280000,GOOGL,BUY,LIMIT,318.32000732421875,1262,97,1000
1764170280000,GOOGL,SELL,LIMIT,319.010009765625,1262,98,1001
1764170340000,GOOGL,BUY,LIMIT,318.0299987792969,1193,99,1000
1764170340000,GOOGL,SELL,LIMIT,318.94000244140625,1193,100,1001
1764170400000,GOOGL,BUY,LIMIT,317.8900146484375,2617,101,1000
1764170400000,GOOGL,SELL,LIMIT,318.5899963378906,2617,102,1001
1764170460000,GOOGL,BUY,LIMIT,318.32000732421875,1198,103,1000
1764170460000,GOOGL,SELL,LIMIT,318.84991455078125,1198,104,1001
1764170520000,GOOGL,BUY,LIMIT,317.7200012207031,1357,105,1000
1764170520000,GOOGL,SELL,LIMIT,318.7550048828125,1357,106,1001
1764170580000,GOOGL,BUY,LIMIT,317.2001037597656,1889,107,1000
1764170580000,GOOGL,SELL,LIMIT,317.9800109863281,1889,108,1001
1764170640000,GOOGL,BUY,LIMIT,316.79998779296875,2134,109,1000
1764170640000,GOOGL,SELL,LIMIT,317.5,2134,110,1001
1764170700000,GOOGL,BUY,LIMIT,316.7900085449219,1800,111,1000
1764170700000,GOOGL,SELL,LIMIT,317.4200134277344,1800,112,1001
1764170760000,GOOGL,BUY,LIMIT,317.2099914550781,1471,113,1000
1764170760000,GOOGL,SELL,LIMIT,318.0,1471,114,1001
1764170820000,GOOGL,BUY,LIMIT,317.70001220703125,1451,115,1000
1764170820000,GOOGL,SELL,LIMIT,318.3599853515625,1451,116,1001
1764170880000,GOOGL,BUY,LIMIT,317.7200012207031,975,117,1000
1764170880000,GOOGL,SELL,LIMIT,318.2304992675781,975,118,1001
1764170940000,GOOGL,BUY,LIMIT,317.90020751953125,732,119,1000
1764170940000,GOOGL,SELL,LIMIT,318.2699890136719,732,120,1001
1764171000000,GOOGL,BUY,LIMIT,317.8299865722656,780,121,1000
1764171000000,GOOGL,SELL,LIMIT,318.2699890136719,780,122,1001
1764171060000,GOOGL,BUY,LIMIT,317.75,800,123,1000
1764171060000,GOOGL,SELL,LIMIT,318.1679992675781,800,124,1001
1764171120000,GOOGL,BUY,LIMIT,318.0,816,125,1000
1764171120000,GOOGL,SELL,LIMIT,318.45001220703125,816,126,1001
1764171180000,GOOGL,BUY,LIMIT,317.1600036621094,1460,127,1000
1764171180000,GOOGL,SELL,LIMIT,318.0213928222656,1460,128,1001
1764171240000,GOOGL,BUY,LIMIT,317.2799987792969,992,129,1000
1764171240000,GOOGL,SELL,LIMIT,317.6400146484375,992,130,1001
1764171300000,GOOGL,BUY,LIMIT,317.2900085449219,1119,131,1000
1764171300000,GOOGL,SELL,LIMIT,318.6099853515625,1119,132,1001
1764171360000,GOOGL,BUY,LIMIT,318.3900146484375,1473,133,1000
1764171360000,GOOGL,SELL,LIMIT,319.1700134277344,1473,134,1001
1764171420000,GOOGL,BUY,LIMIT,318.4800109863281,759,135,1000
1764171420000,GOOGL,SELL,LIMIT,319.1199951171875,759,136,1001
1764171480000,GOOGL,BUY,LIMIT,318.69000244140625,757,137,1000
1764171480000,GOOGL,SELL,LIMIT,319.1098937988281,757,138,1001
1764171540000,GOOGL,BUY,LIMIT,318.69000244140625,507,139,1000
1764171540000,GOOGL,SELL,LIMIT,318.989990234375,507,140,1001
1764171600000,GOOGL,BUY,LIMIT,318.3399963378906,771,141,1000
1764171600000,GOOGL,SELL,LIMIT,318.7950134277344,771,142,1001
1764171660000,GOOGL,BUY,LIMIT,318.2900085449219,516,143,1000
1764171660000,GOOGL,SELL,LIMIT,318.70001220703125,516,144,1001
1764171720000,GOOGL,BUY,LIMIT,318.1528015136719,483,145,1000
1764171720000,GOOGL,SELL,LIMIT,318.5398864746094,483,146,1001
1764171780000,GOOGL,BUY,LIMIT,318.25,596,147,1000
1764171780000,GOOGL,SELL,LIMIT,318.69000244140625,596,148,1001
1764171840000,GOOGL,BUY,LIMIT,318.19000244140625,565,149,1000
1764171840000,GOOGL,SELL,LIMIT,318.489990234375,565,150,1001
1764171900000,GOOGL,BUY,LIMIT,317.860107421875,806,151,1000
1764171900000,GOOGL,SELL,LIMIT,318.2799987792969,806,152,1001
1764171960000,GOOGL,BUY,LIMIT,317.5199890136719,820,153,1000
1764171960000,GOOGL,SELL,LIMIT,318.2099914550781,820,154,1001
1764172020000,GOOGL,BUY,LIMIT,317.32000732421875,773,155,1000
1764172020000,GOOGL,SELL,LIMIT,317.8349914550781,773,156,1001
1764172080000,GOOGL,BUY,LIMIT,317.7250061035156,713,157,1000
1764172080000,GOOGL,SELL,LIMIT,318.260009765625,713,158,1001
1764172140000,GOOGL,BUY,LIMIT,318.07000732421875,453,159,1000
1764172140000,GOOGL,SELL,LIMIT,318.4200134277344,453,160,1001
1764172200000,GOOGL,BUY,LIMIT,317.8667907714844,608,161,1000
1764172200000,GOOGL,SELL,LIMIT,318.6300048828125,608,162,1001
1764172260000,GOOGL,BUY,LIMIT,318.1400146484375,870,163,1000
1764172260000,GOOGL,SELL,LIMIT,318.7300109863281,870,164,1001
1764172320000,GOOGL,BUY,LIMIT,318.0899963378906,927,165,1000
1764172320000,GOOGL,SELL,LIMIT,318.5799865722656,927,166,1001
1764172380000,GOOGL,BUY,LIMIT,318.3599853515625,623,167,1000
1764172380000,GOOGL,SELL,LIMIT,318.8299865722656,623,168,1001
1764172440000,GOOGL,BUY,LIMIT,318.3800048828125,661,169,1000
1764172440000,GOOGL,SELL,LIMIT,318.7799987792969,661,170,1001
1764172500000,GOOGL,BUY,LIMIT,318.1300048828125,732,171,1000
1764172500000,GOOGL,SELL,LIMIT,318.614990234375,732,172,1001
1764172560000,GOOGL,BUY,LIMIT,317.8299865722656,609,173,1000
1764172560000,GOOGL,SELL,LIMIT,318.25579833984375,609,174,1001
1764172620000,GOOGL,BUY,LIMIT,317.8999938964844,1348,175,1000
1764172620000,GOOGL,SELL,LIMIT,318.3900146484375,1348,176,1001
1764172680000,GOOGL,BUY,LIMIT,317.92999267578125,949,177,1000
1764172680000,GOOGL,SELL,LIMIT,318.1199951171875,949,178,1001
1764172740000,GOOGL,BUY,LIMIT,317.8599853515625,747,179,1000
1764172740000,GOOGL,SELL,LIMIT,318.1499938964844,747,180,1001
1764172800000,GOOGL,BUY,LIMIT,317.8599853515625,668,181,1000
1764172800000,GOOGL,SELL,LIMIT,318.06500244140625,668,182,1001
1764172860000,GOOGL,BUY,LIMIT,317.9200134277344,923,183,1000
1764172860000,GOOGL,SELL,LIMIT,318.3599853515625,923,184,1001
1764172920000,GOOGL,BUY,LIMIT,317.95001220703125,811,185,1000
1764172920000,GOOGL,SELL,LIMIT,318.5382995605469,811,186,1001
1764172980000,GOOGL,BUY,LIMIT,318.2200012207031,575,187,1000
1764172980000,GOOGL,SELL,LIMIT,318.5412902832031,575,188,1001
1764173040000,GOOGL,BUY,LIMIT,318.2799987792969,832,189,1000
1764173040000,GOOGL,SELL,LIMIT,318.8399963378906,832,190,1001
1764173100000,GOOGL,BUY,LIMIT,318.80999755859375,1208,191,1000
1764173100000,GOOGL,SELL,LIMIT,319.2699890136719,1208,192,1001
1764173160000,GOOGL,BUY,LIMIT,318.94000244140625,693,193,1000
1764173160000,GOOGL,SELL,LIMIT,319.29998779296875,693,194,1001
1764173220000,GOOGL,BUY,LIMIT,319.2799987792969,1519,195,1000
1764173220000,GOOGL,SELL,LIMIT,319.6700134277344,1519,196,1001
1764173280000,GOOGL,BUY,LIMIT,319.6099853515625,1652,197,1000
1764173280000,GOOGL,SELL,LIMIT,320.010009765625,1652,198,1001
1764173340000,GOOGL,BUY,LIMIT,319.2699890136719,937,199,1000
1764173340000,GOOGL,SELL,LIMIT,319.7900085449219,937,200,1001
1764173400000,GOOGL,BUY,LIMIT,319.2120056152344,516,201,1000
1764173400000,GOOGL,SELL,LIMIT,319.510009765625,516,202,1001
1764173460000,GOOGL,BUY,LIMIT,319.28009033203125,594,203,1000
1764173460000,GOOGL,SELL,LIMIT,319.57000732421875,594,204,1001
1764173520000,GOOGL,BUY,LIMIT,319.3299865722656,957,205,1000
1764173520000,GOOGL,SELL,LIMIT,319.7650146484375,957,206,1001
1764173580000,GOOGL,BUY,LIMIT,319.6499938964844,1370,207,1000
1764173580000,GOOGL,SELL,LIMIT,320.0199890136719,1370,208,1001
1764173640000,GOOGL,BUY,LIMIT,319.739990234375,1129,209,1000
1764173640000,GOOGL,SELL,LIMIT,320.06500244140625,1129,210,1001
1764173700000,GOOGL,BUY,LIMIT,319.8500061035156,1136,211,1000
1764173700000,GOOGL,SELL,LIMIT,320.05999755859375,1136,212,1001
1764173760000,GOOGL,BUY,LIMIT,319.67999267578125,682,213,1000
1764173760000,GOOGL,SELL,LIMIT,319.989990234375,682,214,1001
1764173820000,GOOGL,BUY,LIMIT,319.44000244140625,777,215,1000
1764173820000,GOOGL,SELL,LIMIT,319.9938049316406,777,216,1001
1764173880000,GOOGL,BUY,LIMIT,319.8450012207031,1477,217,1000
1764173880000,GOOGL,SELL,LIMIT,320.2300109863281,1477,218,1001
1764173940000,GOOGL,BUY,LIMIT,319.7001037597656,1200,219,1000
1764173940000,GOOGL,SELL,LIMIT,320.1466064453125,1200,220,1001
1764174000000,GOOGL,BUY,LIMIT,319.75201416015625,559,221,1000
1764174000000,GOOGL,SELL,LIMIT,320.0909118652344,559,222,1001
1764174060000,GOOGL,BUY,LIMIT,319.5851135253906,515,223,1000
1764174060000,GOOGL,SELL,LIMIT,319.9053955078125,515,224,1001
1764174120000,GOOGL,BUY,LIMIT,319.7300109863281,318,225,1000
1764174120000,GOOGL,SELL,LIMIT,319.9200134277344,318,226,1001
1764174180000,GOOGL,BUY,LIMIT,319.4714050292969,538,227,1000
1764174180000,GOOGL,SELL,LIMIT,319.8599853515625,538,228,1001
1764174240000,GOOGL,BUY,LIMIT,319.5,469,229,1000
1764174240000,GOOGL,SELL,LIMIT,319.6600036621094,469,230,1001
1764174300000,GOOGL,BUY,LIMIT,319.3900146484375,346,231,1000
1764174300000,GOOGL,SELL,LIMIT,319.5299987792969,346,232,1001
1764174360000,GOOGL,BUY,LIMIT,319.3399963378906,584,233,1000
1764174360000,GOOGL,SELL,LIMIT,319.6700134277344,584,234,1001
1764174420000,GOOGL,BUY,LIMIT,319.4150085449219,715,235,1000
1764174420000,GOOGL,SELL,LIMIT,319.6199951171875,715,236,1001
1764174480000,GOOGL,BUY,LIMIT,319.45001220703125,637,237,1000
1764174480000,GOOGL,SELL,LIMIT,319.6799011230469,637,238,1001
1764174540000,GOOGL,BUY,LIMIT,319.4200134277344,796,239,1000
1764174540000,GOOGL,SELL,LIMIT,319.70001220703125,796,240,1001
1764174600000,GOOGL,BUY,LIMIT,319.1499938964844,733,241,1000
1764174600000,GOOGL,SELL,LIMIT,319.5199890136719,733,242,1001
1764174660000,GOOGL,BUY,LIMIT,319.2200012207031,350,243,1000
1764174660000,GOOGL,SELL,LIMIT,319.45001220703125,350,244,1001
1764174720000,GOOGL,BUY,LIMIT,319.1199951171875,518,245,1000
1764174720000,GOOGL,SELL,LIMIT,319.39959716796875,518,246,1001
1764174780000,GOOGL,BUY,LIMIT,319.1199951171875,568,247,1000
1764174780000,GOOGL,SELL,LIMIT,319.3999938964844,568,248,1001
1764174840000,GOOGL,BUY,LIMIT,318.92999267578125,734,249,1000
1764174840000,GOOGL,SELL,LIMIT,319.20001220703125,734,250,1001
1764174900000,GOOGL,BUY,LIMIT,318.7799987792969,439,251,1000
1764174900000,GOOGL,SELL,LIMIT,319.05999755859375,439,252,1001
1764174960000,GOOGL,BUY,LIMIT,318.6700134277344,525,253,1000
1764174960000,GOOGL,SELL,LIMIT,319.1029968261719,525,254,1001
1764175020000,GOOGL,BUY,LIMIT,318.8299865722656,445,255,1000
1764175020000,GOOGL,SELL,LIMIT,319.093994140625,445,256,1001
1764175080000,GOOGL,BUY,LIMIT,319.0,442,257,1000
1764175080000,GOOGL,SELL,LIMIT,319.4085998535156,442,258,1001
1764175140000,GOOGL,BUY,LIMIT,319.3699951171875,497,259,1000
1764175140000,GOOGL,SELL,LIMIT,319.74951171875,497,260,1001
1764175200000,GOOGL,BUY,LIMIT,319.7063903808594,445,261,1000
1764175200000,GOOGL,SELL,LIMIT,319.9200134277344,445,262,1001
1764175260000,GOOGL,BUY,LIMIT,319.8500061035156,467,263,1000
1764175260000,GOOGL,SELL,LIMIT,320.0400085449219,467,264,1001
1764175320000,GOOGL,BUY,LIMIT,319.80999755859375,463,265,1000
1764175320000,GOOGL,SELL,LIMIT,320.0,463,266,1001
1764175380000,GOOGL,BUY,LIMIT,319.8699951171875,344,267,1000
1764175380000,GOOGL,SELL,LIMIT,319.9800109863281,344,268,1001
1764175440000,GOOGL,BUY,LIMIT,319.8500061035156,479,269,1000
1764175440000,GOOGL,SELL,LIMIT,319.989990234375,479,270,1001
1764175500000,GOOGL,BUY,LIMIT,319.45001220703125,534,271,1000
1764175500000,GOOGL,SELL,LIMIT,319.94000244140625,534,272,1001
1764175560000,GOOGL,BUY,LIMIT,319.0,1009,273,1000
1764175560000,GOOGL,SELL,LIMIT,319.5450134277344,1009,274,1001
1764175620000,GOOGL,BUY,LIMIT,319.0174865722656,640,275,1000
1764175620000,GOOGL,SELL,LIMIT,319.1400146484375,640,276,1001
1764175680000,GOOGL,BUY,LIMIT,318.94500732421875,504,277,1000
1764175680000,GOOGL,SELL,LIMIT,319.1199951171875,504,278,1001
1764175740000,GOOGL,BUY,LIMIT,318.8399963378906,577,279,1000
1764175740000,GOOGL,SELL,LIMIT,319.3800048828125,577,280,1001
1764175800000,GOOGL,BUY,LIMIT,319.0400085449219,520,281,1000
1764175800000,GOOGL,SELL,LIMIT,319.3900146484375,520,282,1001
1764175860000,GOOGL,BUY,LIMIT,319.3699951171875,371,283,1000
1764175860000,GOOGL,SELL,LIMIT,319.58990478515625,371,284,1001
1764175920000,GOOGL,BUY,LIMIT,319.1499938964844,426,285,1000
1764175920000,GOOGL,SELL,LIMIT,319.6099853515625,426,286,1001
1764175980000,GOOGL,BUY,LIMIT,319.0899963378906,462,287,1000
1764175980000,GOOGL,SELL,LIMIT,319.32000732421875,462,288,1001
1764176040000,GOOGL,BUY,LIMIT,319.0199890136719,771,289,1000
1764176040000,GOOGL,SELL,LIMIT,319.32000732421875,771,290,1001
1764176100000,GOOGL,BUY,LIMIT,319.010009765625,281,291,1000
1764176100000,GOOGL,SELL,LIMIT,319.1499938964844,281,292,1001
1764176160000,GOOGL,BUY,LIMIT,319.1099853515625,367,293,1000
1764176160000,GOOGL,SELL,LIMIT,319.45001220703125,367,294,1001
1764176220000,GOOGL,BUY,LIMIT,319.260009765625,343,295,1000
1764176220000,GOOGL,SELL,LIMIT,319.4800109863281,343,296,1001
1764176280000,GOOGL,BUY,LIMIT,319.20001220703125,406,297,1000
1764176280000,GOOGL,SELL,LIMIT,319.45001220703125,406,298,1001
1764176340000,GOOGL,BUY,LIMIT,319.2900085449219,239,299,1000
1764176340000,GOOGL,SELL,LIMIT,319.42999267578125,239,300,1001
1764176400000,GOOGL,BUY,LIMIT,319.25,505,301,1000
1764176400000,GOOGL,SELL,LIMIT,319.4800109863281,505,302,1001
1764176460000,GOOGL,BUY,LIMIT,319.07000732421875,468,303,1000
1764176460000,GOOGL,SELL,LIMIT,319.45001220703125,468,304,1001
1764176520000,GOOGL,BUY,LIMIT,319.01568603515625,540,305,1000
1764176520000,GOOGL,SELL,LIMIT,319.2650146484375,540,306,1001
1764176580000,GOOGL,BUY,LIMIT,319.20001220703125,430,307,1000
1764176580000,GOOGL,SELL,LIMIT,319.5,430,308,1001
1764176640000,GOOGL,BUY,LIMIT,319.1499938964844,472,309,1000
1764176640000,GOOGL,SELL,LIMIT,319.5,472,310,1001
1764176700000,GOOGL,BUY,LIMIT,319.260009765625,261,311,1000
1764176700000,GOOGL,SELL,LIMIT,319.5,261,312,1001
1764176760000,GOOGL,BUY,LIMIT,319.3599853515625,293,313,1000
1764176760000,GOOGL,SELL,LIMIT,319.6000061035156,293,314,1001
1764176820000,GOOGL,BUY,LIMIT,319.2200012207031,256,315,1000
1764176820000,GOOGL,SELL,LIMIT,319.44000244140625,256,316,1001
1764176880000,GOOGL,BUY,LIMIT,318.82000732421875,531,317,1000
1764176880000,GOOGL,SELL,LIMIT,319.2200012207031,531,318,1001
1764176940000,GOOGL,BUY,LIMIT,318.80999755859375,329,319,1000
1764176940000,GOOGL,SELL,LIMIT,319.04998779296875,329,320,1001
1764177000000,GOOGL,BUY,LIMIT,318.9118957519531,355,321,1000
1764177000000,GOOGL,SELL,LIMIT,319.1099853515625,355,322,1001
1764177060000,GOOGL,BUY,LIMIT,318.8399963378906,518,323,1000
1764177060000,GOOGL,SELL,LIMIT,319.0899963378906,518,324,1001
1764177120000,GOOGL,BUY,LIMIT,318.5799865722656,1102,325,1000
1764177120000,GOOGL,SELL,LIMIT,318.885009765625,1102,326,1001
1764177180000,GOOGL,BUY,LIMIT,318.4700012207031,568,327,1000
1764177180000,GOOGL,SELL,LIMIT,318.7200012207031,568,328,1001
1764177240000,GOOGL,BUY,LIMIT,318.489990234375,447,329,1000
1764177240000,GOOGL,SELL,LIMIT,318.6400146484375,447,330,1001
1764177300000,GOOGL,BUY,LIMIT,318.260009765625,802,331,1000
1764177300000,GOOGL,SELL,LIMIT,318.6099853515625,802,332,1001
1764177360000,GOOGL,BUY,LIMIT,318.25,561,333,1000
1764177360000,GOOGL,SELL,LIMIT,318.66790771484375,561,334,1001
1764177420000,GOOGL,BUY,LIMIT,318.4949951171875,441,335,1000
1764177420000,GOOGL,SELL,LIMIT,318.739013671875,441,336,1001
1764177480000,GOOGL,BUY,LIMIT,318.5199890136719,398,337,1000
1764177480000,GOOGL,SELL,LIMIT,318.8399963378906,398,338,1001
1764177540000,GOOGL,BUY,LIMIT,318.5150146484375,446,339,1000
1764177540000,GOOGL,SELL,LIMIT,318.89990234375,446,340,1001
1764177600000,GOOGL,BUY,LIMIT,318.3699951171875,618,341,1000
1764177600000,GOOGL,SELL,LIMIT,318.7279968261719,618,342,1001
1764177660000,GOOGL,BUY,LIMIT,318.2900085449219,646,343,1000
1764177660000,GOOGL,SELL,LIMIT,318.6792907714844,646,344,1001
1764177720000,GOOGL,BUY,LIMIT,318.260009765625,902,345,1000
1764177720000,GOOGL,SELL,LIMIT,318.6499938964844,902,346,1001
1764177780000,GOOGL,BUY,LIMIT,318.64801025390625,697,347,1000
1764177780000,GOOGL,SELL,LIMIT,318.93499755859375,697,348,1001
1764177840000,GOOGL,BUY,LIMIT,318.80999755859375,789,349,1000
1764177840000,GOOGL,SELL,LIMIT,319.135009765625,789,350,1001
1764177900000,GOOGL,BUY,LIMIT,318.6300048828125,381,351,1000
1764177900000,GOOGL,SELL,LIMIT,319.0199890136719,381,352,1001
1764177960000,GOOGL,BUY,LIMIT,318.5697937011719,304,353,1000
1764177960000,GOOGL,SELL,LIMIT,318.75,304,354,1001
1764178020000,GOOGL,BUY,LIMIT,318.3599853515625,279,355,1000
1764178020000,GOOGL,SELL,LIMIT,318.69500732421875,279,356,1001
1764178080000,GOOGL,BUY,LIMIT,318.3999938964844,326,357,1000
1764178080000,GOOGL,SELL,LIMIT,318.6600036621094,326,358,1001
1764178140000,GOOGL,BUY,LIMIT,318.5199890136719,602,359,1000
1764178140000,GOOGL,SELL,LIMIT,318.8717041015625,602,360,1001
1764178200000,GOOGL,BUY,LIMIT,318.82000732421875,321,361,1000
1764178200000,GOOGL,SELL,LIMIT,319.0199890136719,321,362,1001
1764178260000,GOOGL,BUY,LIMIT,318.70001220703125,258,363,1000
1764178260000,GOOGL,SELL,LIMIT,318.95001220703125,258,364,1001
1764178320000,GOOGL,BUY,LIMIT,318.6499938964844,357,365,1000
1764178320000,GOOGL,SELL,LIMIT,318.7499084472656,357,366,1001
1764178380000,GOOGL,BUY,LIMIT,318.6000061035156,283,367,1000
1764178380000,GOOGL,SELL,LIMIT,318.7699890136719,283,368,1001
1764178440000,GOOGL,BUY,LIMIT,318.6099853515625,203,369,1000
1764178440000,GOOGL,SELL,LIMIT,318.7300109863281,203,370,1001
1764178500000,GOOGL,BUY,LIMIT,318.5799865722656,427,371,1000
1764178500000,GOOGL,SELL,LIMIT,318.760009765625,427,372,1001
1764178560000,GOOGL,BUY,LIMIT,318.5199890136719,293,373,1000
1764178560000,GOOGL,SELL,LIMIT,318.7300109863281,293,374,1001
1764178620000,GOOGL,BUY,LIMIT,318.57501220703125,360,375,1000
1764178620000,GOOGL,SELL,LIMIT,318.7650146484375,360,376,1001
1764178680000,GOOGL,BUY,LIMIT,318.4700012207031,434,377,1000
1764178680000,GOOGL,SELL,LIMIT,318.6499938964844,434,378,1001
1764178740000,GOOGL,BUY,LIMIT,318.2200012207031,486,379,1000
1764178740000,GOOGL,SELL,LIMIT,318.57000732421875,486,380,1001
1764178800000,GOOGL,BUY,LIMIT,318.3450012207031,373,381,1000
1764178800000,GOOGL,SELL,LIMIT,318.6300048828125,373,382,1001
1764178860000,GOOGL,BUY,LIMIT,318.5,301,383,1000
1764178860000,GOOGL,SELL,LIMIT,318.69000244140625,301,384,1001
1764178920000,GOOGL,BUY,LIMIT,318.4901123046875,393,385,1000
1764178920000,GOOGL,SELL,LIMIT,318.7099914550781,393,386,1001
1764178980000,GOOGL,BUY,LIMIT,318.54998779296875,749,387,1000
1764178980000,GOOGL,SELL,LIMIT,318.739990234375,749,388,1001
1764179040000,GOOGL,BUY,LIMIT,318.6700134277344,394,389,1000
1764179040000,GOOGL,SELL,LIMIT,318.7799987792969,394,390,1001
1764179100000,GOOGL,BUY,LIMIT,318.54998779296875,417,391,1000
1764179100000,GOOGL,SELL,LIMIT,318.7550048828125,417,392,1001
1764179160000,GOOGL,BUY,LIMIT,318.57000732421875,371,393,1000
1764179160000,GOOGL,SELL,LIMIT,318.7300109863281,371,394,1001
1764179220000,GOOGL,BUY,LIMIT,318.6499938964844,560,395,1000
1764179220000,GOOGL,SELL,LIMIT,318.8299865722656,560,396,1001
1764179280000,GOOGL,BUY,LIMIT,318.5,335,397,1000
1764179280000,GOOGL,SELL,LIMIT,318.82550048828125,335,398,1001
1764179340000,GOOGL,BUY,LIMIT,318.3999938964844,358,399,1000
1764179340000,GOOGL,SELL,LIMIT,318.5804138183594,358,400,1001
1764179400000,GOOGL,BUY,LIMIT,318.2300109863281,486,401,1000
1764179400000,GOOGL,SELL,LIMIT,318.5249938964844,486,402,1001
1764179460000,GOOGL,BUY,LIMIT,318.239990234375,592,403,1000
1764179460000,GOOGL,SELL,LIMIT,318.6300048828125,592,404,1001
1764179520000,GOOGL,BUY,LIMIT,318.2929992675781,529,405,1000
1764179520000,GOOGL,SELL,LIMIT,318.57000732421875,529,406,1001
1764179580000,GOOGL,BUY,LIMIT,318.25,373,407,1000
1764179580000,GOOGL,SELL,LIMIT,318.5,373,408,1001
1764179640000,GOOGL,BUY,LIMIT,318.1400146484375,479,409,1000
1764179640000,GOOGL,SELL,LIMIT,318.4549865722656,479,410,1001
1764179700000,GOOGL,BUY,LIMIT,318.12701416015625,413,411,1000
1764179700000,GOOGL,SELL,LIMIT,318.3299865722656,413,412,1001
1764179760000,GOOGL,BUY,LIMIT,318.1400146484375,336,413,1000
1764179760000,GOOGL,SELL,LIMIT,318.32000732421875,336,414,1001
1764179820000,GOOGL,BUY,LIMIT,318.1579895019531,341,415,1000
1764179820000,GOOGL,SELL,LIMIT,318.3500061035156,341,416,1001
1764179880000,GOOGL,BUY,LIMIT,318.239990234375,294,417,1000
1764179880000,GOOGL,SELL,LIMIT,318.3948059082031,294,418,1001
1764179940000,GOOGL,BUY,LIMIT,318.25,262,419,1000
1764179940000,GOOGL,SELL,LIMIT,318.3999938964844,262,420,1001
1764180000000,GOOGL,BUY,LIMIT,318.30999755859375,442,421,1000
1764180000000,GOOGL,SELL,LIMIT,318.5,442,422,1001
1764180060000,GOOGL,BUY,LIMIT,318.3900146484375,590,423,1000
1764180060000,GOOGL,SELL,LIMIT,318.6199951171875,590,424,1001
1764180120000,GOOGL,BUY,LIMIT,318.5450134277344,291,425,1000
1764180120000,GOOGL,SELL,LIMIT,318.80999755859375,291,426,1001
1764180180000,GOOGL,BUY,LIMIT,318.6499938964844,550,427,1000
1764180180000,GOOGL,SELL,LIMIT,318.8699951171875,550,428,1001
1764180240000,GOOGL,BUY,LIMIT,318.6099853515625,381,429,1000
1764180240000,GOOGL,SELL,LIMIT,318.7300109863281,381,430,1001
1764180300000,GOOGL,BUY,LIMIT,318.6600036621094,311,431,1000
1764180300000,GOOGL,SELL,LIMIT,318.7663879394531,311,432,1001
1764180360000,GOOGL,BUY,LIMIT,318.6700134277344,335,433,1000
1764180360000,GOOGL,SELL,LIMIT,318.79998779296875,335,434,1001
1764180420000,GOOGL,BUY,LIMIT,318.7200012207031,642,435,1000
1764180420000,GOOGL,SELL,LIMIT,318.9100036621094,642,436,1001
1764180480000,GOOGL,BUY,LIMIT,318.88751220703125,559,437,1000
1764180480000,GOOGL,SELL,LIMIT,319.0799865722656,559,438,1001
1764180540000,GOOGL,BUY,LIMIT,318.2799987792969,1190,439,1000
1764180540000,GOOGL,SELL,LIMIT,319.1499938964844,1190,440,1001
1764180600000,GOOGL,BUY,LIMIT,318.7650146484375,628,441,1000
1764180600000,GOOGL,SELL,LIMIT,319.0,628,442,1001
1764180660000,GOOGL,BUY,LIMIT,318.6099853515625,378,443,1000
1764180660000,GOOGL,SELL,LIMIT,318.8900146484375,378,444,1001
1764180720000,GOOGL,BUY,LIMIT,318.5400085449219,404,445,1000
1764180720000,GOOGL,SELL,LIMIT,318.8399963378906,404,446,1001
1764180780000,GOOGL,BUY,LIMIT,318.44000244140625,283,447,1000
1764180780000,GOOGL,SELL,LIMIT,318.6499938964844,283,448,1001
1764180840000,GOOGL,BUY,LIMIT,318.55999755859375,471,449,1000
1764180840000,GOOGL,SELL,LIMIT,318.8900146484375,471,450,1001
1764180900000,GOOGL,BUY,LIMIT,318.7449951171875,430,451,1000
1764180900000,GOOGL,SELL,LIMIT,318.95001220703125,430,452,1001
1764180960000,GOOGL,BUY,LIMIT,318.67999267578125,238,453,1000
1764180960000,GOOGL,SELL,LIMIT,318.83551025390625,238,454,1001
1764181020000,GOOGL,BUY,LIMIT,318.69000244140625,203,455,1000
1764181020000,GOOGL,SELL,LIMIT,318.8299865722656,203,456,1001
1764181080000,GOOGL,BUY,LIMIT,318.75,210,457,1000
1764181080000,GOOGL,SELL,LIMIT,318.92999267578125,210,458,1001
1764181140000,GOOGL,BUY,LIMIT,318.82000732421875,300,459,1000
1764181140000,GOOGL,SELL,LIMIT,318.9324951171875,300,460,1001
1764181200000,GOOGL,BUY,LIMIT,318.82000732421875,324,461,1000
1764181200000,GOOGL,SELL,LIMIT,318.95550537109375,324,462,1001
1764181260000,GOOGL,BUY,LIMIT,318.8999938964844,895,463,1000
1764181260000,GOOGL,SELL,LIMIT,319.2749938964844,895,464,1001
1764181320000,GOOGL,BUY,LIMIT,319.2200012207031,623,465,1000
1764181320000,GOOGL,SELL,LIMIT,319.44000244140625,623,466,1001
1764181380000,GOOGL,BUY,LIMIT,319.30511474609375,449,467,1000
1764181380000,GOOGL,SELL,LIMIT,319.44000244140625,449,468,1001
1764181440000,GOOGL,BUY,LIMIT,319.2200012207031,552,469,1000
1764181440000,GOOGL,SELL,LIMIT,319.46099853515625,552,470,1001
1764181500000,GOOGL,BUY,LIMIT,319.25,404,471,1000
1764181500000,GOOGL,SELL,LIMIT,319.4700012207031,404,472,1001
1764181560000,GOOGL,BUY,LIMIT,319.29998779296875,265,473,1000
1764181560000,GOOGL,SELL,LIMIT,319.4183044433594,265,474,1001
1764181620000,GOOGL,BUY,LIMIT,319.3699951171875,515,475,1000
1764181620000,GOOGL,SELL,LIMIT,319.55999755859375,515,476,1001
1764181680000,GOOGL,BUY,LIMIT,319.4209899902344,475,477,1000
1764181680000,GOOGL,SELL,LIMIT,319.56988525390625,475,478,1001
1764181740000,GOOGL,BUY,LIMIT,319.239990234375,357,479,1000
1764181740000,GOOGL,SELL,LIMIT,319.4800109863281,357,480,1001
1764181800000,GOOGL,BUY,LIMIT,319.1083984375,459,481,1000
1764181800000,GOOGL,SELL,LIMIT,319.4299011230469,459,482,1001
1764181860000,GOOGL,BUY,LIMIT,319.12579345703125,219,483,1000
1764181860000,GOOGL,SELL,LIMIT,319.2200012207031,219,484,1001
1764181920000,GOOGL,BUY,LIMIT,318.9100036621094,448,485,1000
1764181920000,GOOGL,SELL,LIMIT,319.1449890136719,448,486,1001
1764181980000,GOOGL,BUY,LIMIT,318.739990234375,371,487,1000
1764181980000,GOOGL,SELL,LIMIT,319.010009765625,371,488,1001
1764182040000,GOOGL,BUY,LIMIT,318.8254089355469,245,489,1000
1764182040000,GOOGL,SELL,LIMIT,318.9880065917969,245,490,1001
1764182100000,GOOGL,BUY,LIMIT,318.93499755859375,212,491,1000
1764182100000,GOOGL,SELL,LIMIT,319.1000061035156,212,492,1001
1764182160000,GOOGL,BUY,LIMIT,318.9200134277344,315,493,1000
1764182160000,GOOGL,SELL,LIMIT,319.05999755859375,315,494,1001
1764182220000,GOOGL,BUY,LIMIT,318.7200012207031,374,495,1000
1764182220000,GOOGL,SELL,LIMIT,318.92138671875,374,496,1001
1764182280000,GOOGL,BUY,LIMIT,318.5400085449219,321,497,1000
1764182280000,GOOGL,SELL,LIMIT,318.9034118652344,321,498,1001
1764182340000,GOOGL,BUY,LIMIT,318.8599853515625,402,499,1000
1764182340000,GOOGL,SELL,LIMIT,319.0299987792969,402,500,1001
1764182400000,GOOGL,BUY,LIMIT,318.92999267578125,228,501,1000
1764182400000,GOOGL,SELL,LIMIT,319.0224914550781,228,502,1001
1764182460000,GOOGL,BUY,LIMIT,318.8599853515625,257,503,1000
1764182460000,GOOGL,SELL,LIMIT,319.0400085449219,257,504,1001
1764182520000,GOOGL,BUY,LIMIT,318.82000732421875,234,505,1000
1764182520000,GOOGL,SELL,LIMIT,318.989990234375,234,506,1001
1764182580000,GOOGL,BUY,LIMIT,318.8399963378906,178,507,1000
1764182580000,GOOGL,SELL,LIMIT,318.95001220703125,178,508,1001
1764182640000,GOOGL,BUY,LIMIT,318.7099914550781,257,509,1000
1764182640000,GOOGL,SELL,LIMIT,318.8900146484375,257,510,1001
1764182700000,GOOGL,BUY,LIMIT,318.6400146484375,298,511,1000
1764182700000,GOOGL,SELL,LIMIT,318.82000732421875,298,512,1001
1764182760000,GOOGL,BUY,LIMIT,318.7264099121094,193,513,1000
1764182760000,GOOGL,SELL,LIMIT,318.8999938964844,193,514,1001
1764182820000,GOOGL,BUY,LIMIT,318.7349853515625,204,515,1000
1764182820000,GOOGL,SELL,LIMIT,318.9100036621094,204,516,1001
1764182880000,GOOGL,BUY,LIMIT,318.8800048828125,376,517,1000
1764182880000,GOOGL,SELL,LIMIT,319.1199951171875,376,518,1001
1764182940000,GOOGL,BUY,LIMIT,319.010009765625,229,519,1000
1764182940000,GOOGL,SELL,LIMIT,319.1199951171875,229,520,1001
1764183000000,GOOGL,BUY,LIMIT,319.05999755859375,377,521,1000
1764183000000,GOOGL,SELL,LIMIT,319.20001220703125,377,522,1001
1764183060000,GOOGL,BUY,LIMIT,319.06500244140625,309,523,1000
1764183060000,GOOGL,SELL,LIMIT,319.17498779296875,309,524,1001
1764183120000,GOOGL,BUY,LIMIT,318.92999267578125,171,525,1000
1764183120000,GOOGL,SELL,LIMIT,319.1400146484375,171,526,1001
1764183180000,GOOGL,BUY,LIMIT,318.8299865722656,387,527,1000
1764183180000,GOOGL,SELL,LIMIT,319.0,387,528,1001
1764183240000,GOOGL,BUY,LIMIT,318.8200988769531,208,529,1000
1764183240000,GOOGL,SELL,LIMIT,318.9599914550781,208,530,1001
1764183300000,GOOGL,BUY,LIMIT,318.6650085449219,282,531,1000
1764183300000,GOOGL,SELL,LIMIT,318.8299865722656,282,532,1001
1764183360000,GOOGL,BUY,LIMIT,318.6499938964844,508,533,1000
1764183360000,GOOGL,SELL,LIMIT,318.8204040527344,508,534,1001
1764183420000,GOOGL,BUY,LIMIT,318.7699890136719,265,535,1000
1764183420000,GOOGL,SELL,LIMIT,318.86309814453125,265,536,1001
1764183480000,GOOGL,BUY,LIMIT,318.7699890136719,234,537,1000
1764183480000,GOOGL,SELL,LIMIT,318.8800048828125,234,538,1001
1764183540000,GOOGL,BUY,LIMIT,318.79998779296875,135,539,1000
1764183540000,GOOGL,SELL,LIMIT,318.8500061035156,135,540,1001
1764183600000,GOOGL,BUY,LIMIT,318.79998779296875,252,541,1000
1764183600000,GOOGL,SELL,LIMIT,319.1499938964844,252,542,1001
1764183660000,GOOGL,BUY,LIMIT,319.0899963378906,534,543,1000
1764183660000,GOOGL,SELL,LIMIT,319.25,534,544,1001
1764183720000,GOOGL,BUY,LIMIT,319.17999267578125,287,545,1000
1764183720000,GOOGL,SELL,LIMIT,319.29998779296875,287,546,1001
1764183780000,GOOGL,BUY,LIMIT,319.1499938964844,251,547,1000
1764183780000,GOOGL,SELL,LIMIT,319.29998779296875,251,548,1001
1764183840000,GOOGL,BUY,LIMIT,318.7799987792969,426,549,1000
1764183840000,GOOGL,SELL,LIMIT,319.2099914550781,426,550,1001
1764183900000,GOOGL,BUY,LIMIT,318.7515869140625,402,551,1000
1764183900000,GOOGL,SELL,LIMIT,318.889892578125,402,552,1001
1764183960000,GOOGL,BUY,LIMIT,318.69000244140625,470,553,1000
1764183960000,GOOGL,SELL,LIMIT,318.8598937988281,470,554,1001
1764184020000,GOOGL,BUY,LIMIT,318.7200012207031,323,555,1000
1764184020000,GOOGL,SELL,LIMIT,318.927490234375,323,556,1001
1764184080000,GOOGL,BUY,LIMIT,318.6300048828125,739,557,1000
1764184080000,GOOGL,SELL,LIMIT,318.8450012207031,739,558,1001
1764184140000,GOOGL,BUY,LIMIT,318.6099853515625,439,559,1000
1764184140000,GOOGL,SELL,LIMIT,318.9200134277344,439,560,1001
1764184200000,GOOGL,BUY,LIMIT,318.80499267578125,329,561,1000
1764184200000,GOOGL,SELL,LIMIT,319.010009765625,329,562,1001
1764184260000,GOOGL,BUY,LIMIT,318.6600036621094,375,563,1000
1764184260000,GOOGL,SELL,LIMIT,318.8599853515625,375,564,1001
1764184320000,GOOGL,BUY,LIMIT,318.7950134277344,903,565,1000
1764184320000,GOOGL,SELL,LIMIT,319.1099853515625,903,566,1001
1764184380000,GOOGL,BUY,LIMIT,319.0,338,567,1000
1764184380000,GOOGL,SELL,LIMIT,319.1332092285156,338,568,1001
1764184440000,GOOGL,BUY,LIMIT,319.1050109863281,379,569,1000
1764184440000,GOOGL,SELL,LIMIT,319.239990234375,379,570,1001
1764184500000,GOOGL,BUY,LIMIT,319.1099853515625,263,571,1000
1764184500000,GOOGL,SELL,LIMIT,319.2298889160156,263,572,1001
1764184560000,GOOGL,BUY,LIMIT,319.010009765625,257,573,1000
1764184560000,GOOGL,SELL,LIMIT,319.17999267578125,257,574,1001
1764184620000,GOOGL,BUY,LIMIT,319.0199890136719,276,575,1000
1764184620000,GOOGL,SELL,LIMIT,319.1700134277344,276,576,1001
1764184680000,GOOGL,BUY,LIMIT,318.9599914550781,308,577,1000
1764184680000,GOOGL,SELL,LIMIT,319.1700134277344,308,578,1001
1764184740000,GOOGL,BUY,LIMIT,319.0,428,579,1000
1764184740000,GOOGL,SELL,LIMIT,319.1300048828125,428,580,1001
1764184800000,GOOGL,BUY,LIMIT,318.57501220703125,527,581,1000
1764184800000,GOOGL,SELL,LIMIT,319.0799865722656,527,582,1001
1764184860000,GOOGL,BUY,LIMIT,318.4700012207031,703,583,1000
1764184860000,GOOGL,SELL,LIMIT,318.80999755859375,703,584,1001
1764184920000,GOOGL,BUY,LIMIT,318.69000244140625,235,585,1000
1764184920000,GOOGL,SELL,LIMIT,318.7699890136719,235,586,1001
1764184980000,GOOGL,BUY,LIMIT,318.7200012207031,310,587,1000
1764184980000,GOOGL,SELL,LIMIT,318.9100036621094,310,588,1001
1764185040000,GOOGL,BUY,LIMIT,318.70001220703125,349,589,1000
1764185040000,GOOGL,SELL,LIMIT,318.79998779296875,349,590,1001
1764185100000,GOOGL,BUY,LIMIT,318.4700012207031,595,591,1000
1764185100000,GOOGL,SELL,LIMIT,318.739990234375,595,592,1001
1764185160000,GOOGL,BUY,LIMIT,318.3599853515625,392,593,1000
1764185160000,GOOGL,SELL,LIMIT,318.7901916503906,392,594,1001
1764185220000,GOOGL,BUY,LIMIT,318.739990234375,221,595,1000
1764185220000,GOOGL,SELL,LIMIT,318.8865051269531,221,596,1001
1764185280000,GOOGL,BUY,LIMIT,318.7900085449219,260,597,1000
1764185280000,GOOGL,SELL,LIMIT,318.87030029296875,260,598,1001
1764185340000,GOOGL,BUY,LIMIT,318.7200012207031,352,599,1000
1764185340000,GOOGL,SELL,LIMIT,318.8999938964844,352,600,1001
1764185400000,GOOGL,BUY,LIMIT,318.8399963378906,406,601,1000
1764185400000,GOOGL,SELL,LIMIT,319.0,406,602,1001
1764185460000,GOOGL,BUY,LIMIT,318.9700012207031,317,603,1000
1764185460000,GOOGL,SELL,LIMIT,319.19000244140625,317,604,1001
1764185520000,GOOGL,BUY,LIMIT,319.1000061035156,238,605,1000
1764185520000,GOOGL,SELL,LIMIT,319.1700134277344,238,606,1001
1764185580000,GOOGL,BUY,LIMIT,319.05999755859375,329,607,1000
1764185580000,GOOGL,SELL,LIMIT,319.17999267578125,329,608,1001
1764185640000,GOOGL,BUY,LIMIT,318.9800109863281,355,609,1000
1764185640000,GOOGL,SELL,LIMIT,319.1000061035156,355,610,1001
1764185700000,GOOGL,BUY,LIMIT,318.5415954589844,437,611,1000
1764185700000,GOOGL,SELL,LIMIT,318.9599914550781,437,612,1001
1764185760000,GOOGL,BUY,LIMIT,318.4700012207031,295,613,1000
1764185760000,GOOGL,SELL,LIMIT,318.80999755859375,295,614,1001
1764185820000,GOOGL,BUY,LIMIT,318.6099853515625,277,615,1000
1764185820000,GOOGL,SELL,LIMIT,318.75,277,616,1001
1764185880000,GOOGL,BUY,LIMIT,318.6499938964844,203,617,1000
1764185880000,GOOGL,SELL,LIMIT,318.82000732421875,203,618,1001
1764185940000,GOOGL,BUY,LIMIT,318.6300048828125,595,619,1000
1764185940000,GOOGL,SELL,LIMIT,318.8299865722656,595,620,1001
1764186000000,GOOGL,BUY,LIMIT,318.6400146484375,252,621,1000
1764186000000,GOOGL,SELL,LIMIT,318.7799987792969,252,622,1001
1764186060000,GOOGL,BUY,LIMIT,318.54998779296875,719,623,1000
1764186060000,GOOGL,SELL,LIMIT,318.97900390625,719,624,1001
1764186120000,GOOGL,BUY,LIMIT,318.7900085449219,942,625,1000
1764186120000,GOOGL,SELL,LIMIT,318.9700012207031,942,626,1001
1764186180000,GOOGL,BUY,LIMIT,318.70001220703125,279,627,1000
1764186180000,GOOGL,SELL,LIMIT,318.94000244140625,279,628,1001
1764186240000,GOOGL,BUY,LIMIT,318.6600036621094,304,629,1000
1764186240000,GOOGL,SELL,LIMIT,318.7698974609375,304,630,1001
1764186300000,GOOGL,BUY,LIMIT,318.614501953125,468,631,1000
1764186300000,GOOGL,SELL,LIMIT,318.8900146484375,468,632,1001
1764186360000,GOOGL,BUY,LIMIT,318.82000732421875,353,633,1000
1764186360000,GOOGL,SELL,LIMIT,318.9200134277344,353,634,1001
1764186420000,GOOGL,BUY,LIMIT,318.6199951171875,315,635,1000
1764186420000,GOOGL,SELL,LIMIT,318.8275146484375,315,636,1001
1764186480000,GOOGL,BUY,LIMIT,318.5199890136719,528,637,1000
1764186480000,GOOGL,SELL,LIMIT,318.6600036621094,528,638,1001
1764186540000,GOOGL,BUY,LIMIT,318.4100036621094,563,639,1000
1764186540000,GOOGL,SELL,LIMIT,318.5899963378906,563,640,1001
1764186600000,GOOGL,BUY,LIMIT,318.3599853515625,464,641,1000
1764186600000,GOOGL,SELL,LIMIT,318.79998779296875,464,642,1001
1764186660000,GOOGL,BUY,LIMIT,318.7408142089844,730,643,1000
1764186660000,GOOGL,SELL,LIMIT,318.92999267578125,730,644,1001
1764186720000,GOOGL,BUY,LIMIT,318.82000732421875,442,645,1000
1764186720000,GOOGL,SELL,LIMIT,319.0400085449219,442,646,1001
1764186780000,GOOGL,BUY,LIMIT,318.92999267578125,335,647,1000
1764186780000,GOOGL,SELL,LIMIT,319.1600036621094,335,648,1001
1764186840000,GOOGL,BUY,LIMIT,318.9200134277344,367,649,1000
1764186840000,GOOGL,SELL,LIMIT,319.1600036621094,367,650,1001
1764186900000,GOOGL,BUY,LIMIT,318.9700012207031,251,651,1000
1764186900000,GOOGL,SELL,LIMIT,319.1700134277344,251,652,1001
1764186960000,GOOGL,BUY,LIMIT,319.04998779296875,210,653,1000
1764186960000,GOOGL,SELL,LIMIT,319.1600036621094,210,654,1001
1764187020000,GOOGL,BUY,LIMIT,319.0199890136719,368,655,1000
1764187020000,GOOGL,SELL,LIMIT,319.19989013671875,368,656,1001
1764187080000,GOOGL,BUY,LIMIT,319.07000732421875,241,657,1000
1764187080000,GOOGL,SELL,LIMIT,319.1763000488281,241,658,1001
1764187140000,GOOGL,BUY,LIMIT,318.9800109863281,513,659,1000
1764187140000,GOOGL,SELL,LIMIT,319.1300048828125,513,660,1001
1764187200000,GOOGL,BUY,LIMIT,318.989990234375,489,661,1000
1764187200000,GOOGL,SELL,LIMIT,319.1990051269531,489,662,1001
1764187260000,GOOGL,BUY,LIMIT,319.05999755859375,397,663,1000
1764187260000,GOOGL,SELL,LIMIT,319.25,397,664,1001
1764187320000,GOOGL,BUY,LIMIT,319.0799865722656,274,665,1000
1764187320000,GOOGL,SELL,LIMIT,319.18499755859375,274,666,1001
1764187380000,GOOGL,BUY,LIMIT,319.0,382,667,1000
1764187380000,GOOGL,SELL,LIMIT,319.1199951171875,382,668,1001
1764187440000,GOOGL,BUY,LIMIT,319.0201110839844,221,669,1000
1764187440000,GOOGL,SELL,LIMIT,319.1300048828125,221,670,1001
1764187500000,GOOGL,BUY,LIMIT,318.8800048828125,499,671,1000
1764187500000,GOOGL,SELL,LIMIT,319.1000061035156,499,672,1001
1764187560000,GOOGL,BUY,LIMIT,318.6700134277344,369,673,1000
1764187560000,GOOGL,SELL,LIMIT,318.9501037597656,369,674,1001
1764187620000,GOOGL,BUY,LIMIT,318.510009765625,558,675,1000
1764187620000,GOOGL,SELL,LIMIT,318.67999267578125,558,676,1001
1764187680000,GOOGL,BUY,LIMIT,318.55999755859375,492,677,1000
1764187680000,GOOGL,SELL,LIMIT,318.7099914550781,492,678,1001
1764187740000,GOOGL,BUY,LIMIT,318.6099853515625,326,679,1000
1764187740000,GOOGL,SELL,LIMIT,318.82000732421875,326,680,1001
1764187800000,GOOGL,BUY,LIMIT,318.760009765625,434,681,1000
1764187800000,GOOGL,SELL,LIMIT,318.95001220703125,434,682,1001
1764187860000,GOOGL,BUY,LIMIT,318.8699951171875,521,683,1000
1764187860000,GOOGL,SELL,LIMIT,319.0098876953125,521,684,1001
1764187920000,GOOGL,BUY,LIMIT,318.9800109863281,422,685,1000
1764187920000,GOOGL,SELL,LIMIT,319.2300109863281,422,686,1001
1764187980000,GOOGL,BUY,LIMIT,319.1700134277344,442,687,1000
1764187980000,GOOGL,SELL,LIMIT,319.260009765625,442,688,1001
1764188040000,GOOGL,BUY,LIMIT,319.1400146484375,443,689,1000
1764188040000,GOOGL,SELL,LIMIT,319.2149963378906,443,690,1001
1764188100000,GOOGL,BUY,LIMIT,319.1700134277344,509,691,1000
1764188100000,GOOGL,SELL,LIMIT,319.3299865722656,509,692,1001
1764188160000,GOOGL,BUY,LIMIT,319.2401123046875,421,693,1000
1764188160000,GOOGL,SELL,LIMIT,319.3999938964844,421,694,1001
1764188220000,GOOGL,BUY,LIMIT,319.2294006347656,416,695,1000
1764188220000,GOOGL,SELL,LIMIT,319.3299865722656,416,696,1001
1764188280000,GOOGL,BUY,LIMIT,319.1199951171875,441,697,1000
1764188280000,GOOGL,SELL,LIMIT,319.239990234375,441,698,1001
1764188340000,GOOGL,BUY,LIMIT,319.0459899902344,346,699,1000
1764188340000,GOOGL,SELL,LIMIT,319.2099914550781,346,700,1001
1764188400000,GOOGL,BUY,LIMIT,319.0450134277344,294,701,1000
1764188400000,GOOGL,SELL,LIMIT,319.239990234375,294,702,1001
1764188460000,GOOGL,BUY,LIMIT,319.19000244140625,501,703,1000
1764188460000,GOOGL,SELL,LIMIT,319.3500061035156,501,704,1001
1764188520000,GOOGL,BUY,LIMIT,319.1700134277344,361,705,1000
1764188520000,GOOGL,SELL,LIMIT,319.30999755859375,361,706,1001
1764188580000,GOOGL,BUY,LIMIT,319.0899963378906,345,707,1000
1764188580000,GOOGL,SELL,LIMIT,319.19000244140625,345,708,1001
1764188640000,GOOGL,BUY,LIMIT,319.135009765625,255,709,1000
1764188640000,GOOGL,SELL,LIMIT,319.2709045410156,255,710,1001
1764188700000,GOOGL,BUY,LIMIT,319.2099914550781,263,711,1000
1764188700000,GOOGL,SELL,LIMIT,319.3599853515625,263,712,1001
1764188760000,GOOGL,BUY,LIMIT,319.3299865722656,300,713,1000
1764188760000,GOOGL,SELL,LIMIT,319.4599914550781,300,714,1001
1764188820000,GOOGL,BUY,LIMIT,319.3599853515625,765,715,1000
1764188820000,GOOGL,SELL,LIMIT,319.4800109863281,765,716,1001
1764188880000,GOOGL,BUY,LIMIT,319.3599853515625,308,717,1000
1764188880000,GOOGL,SELL,LIMIT,319.4700012207031,308,718,1001
1764188940000,GOOGL,BUY,LIMIT,319.2799987792969,299,719,1000
1764188940000,GOOGL,SELL,LIMIT,319.3949890136719,299,720,1001
1764189000000,GOOGL,BUY,LIMIT,319.3299865722656,452,721,1000
1764189000000,GOOGL,SELL,LIMIT,319.5199890136719,452,722,1001
1764189060000,GOOGL,BUY,LIMIT,319.3900146484375,526,723,1000
1764189060000,GOOGL,SELL,LIMIT,319.54998779296875,526,724,1001
1764189120000,GOOGL,BUY,LIMIT,319.32000732421875,421,725,1000
1764189120000,GOOGL,SELL,LIMIT,319.4700012207031,421,726,1001
1764189180000,GOOGL,BUY,LIMIT,319.2099914550781,344,727,1000
1764189180000,GOOGL,SELL,LIMIT,319.4100036621094,344,728,1001
1764189240000,GOOGL,BUY,LIMIT,319.2699890136719,307,729,1000
1764189240000,GOOGL,SELL,LIMIT,319.4700012207031,307,730,1001
1764189300000,GOOGL,BUY,LIMIT,319.3406066894531,402,731,1000
1764189300000,GOOGL,SELL,LIMIT,319.43499755859375,402,732,1001
1764189360000,GOOGL,BUY,LIMIT,319.2605895996094,346,733,1000
1764189360000,GOOGL,SELL,LIMIT,319.4198913574219,346,734,1001
1764189420000,GOOGL,BUY,LIMIT,319.3599853515625,300,735,1000
1764189420000,GOOGL,SELL,LIMIT,319.4602966308594,300,736,1001
1764189480000,GOOGL,BUY,LIMIT,319.42999267578125,318,737,1000
1764189480000,GOOGL,SELL,LIMIT,319.5400085449219,318,738,1001
1764189540000,GOOGL,BUY,LIMIT,319.5249938964844,692,739,1000
1764189540000,GOOGL,SELL,LIMIT,319.9198913574219,692,740,1001
1764189600000,GOOGL,BUY,LIMIT,319.79998779296875,453,741,1000
1764189600000,GOOGL,SELL,LIMIT,319.9100036621094,453,742,1001
1764189660000,GOOGL,BUY,LIMIT,319.6600036621094,609,743,1000
1764189660000,GOOGL,SELL,LIMIT,319.8800048828125,609,744,1001
1764189720000,GOOGL,BUY,LIMIT,319.7550048828125,540,745,1000
1764189720000,GOOGL,SELL,LIMIT,319.9200134277344,540,746,1001
1764189780000,GOOGL,BUY,LIMIT,319.8800048828125,787,747,1000
1764189780000,GOOGL,SELL,LIMIT,320.0,787,748,1001
1764189840000,GOOGL,BUY,LIMIT,319.84100341796875,421,749,1000
1764189840000,GOOGL,SELL,LIMIT,319.95001220703125,421,750,1001
1764189900000,GOOGL,BUY,LIMIT,319.8699951171875,705,751,1000
1764189900000,GOOGL,SELL,LIMIT,320.17999267578125,705,752,1001
1764189960000,GOOGL,BUY,LIMIT,320.1099853515625,1032,753,1000
1764189960000,GOOGL,SELL,LIMIT,320.4150085449219,1032,754,1001
1764190020000,GOOGL,BUY,LIMIT,320.05499267578125,601,755,1000
1764190020000,GOOGL,SELL,LIMIT,320.3599853515625,601,756,1001
1764190080000,GOOGL,BUY,LIMIT,320.0426025390625,716,757,1000
1764190080000,GOOGL,SELL,LIMIT,320.1650085449219,716,758,1001
1764190140000,GOOGL,BUY,LIMIT,320.0400085449219,444,759,1000
1764190140000,GOOGL,SELL,LIMIT,320.16351318359375,444,760,1001
1764190200000,GOOGL,BUY,LIMIT,319.6400146484375,982,761,1000
1764190200000,GOOGL,SELL,LIMIT,320.1659851074219,982,762,1001
1764190260000,GOOGL,BUY,LIMIT,319.8900146484375,851,763,1000
1764190260000,GOOGL,SELL,LIMIT,320.177001953125,851,764,1001
1764190320000,GOOGL,BUY,LIMIT,319.7699890136719,875,765,1000
1764190320000,GOOGL,SELL,LIMIT,320.0299987792969,875,766,1001
1764190380000,GOOGL,BUY,LIMIT,319.7099914550781,837,767,1000
1764190380000,GOOGL,SELL,LIMIT,320.0299987792969,837,768,1001
1764190440000,GOOGL,BUY,LIMIT,319.7099914550781,1936,769,1000
1764190440000,GOOGL,SELL,LIMIT,320.25,1936,770,1001
1764190500000,GOOGL,BUY,LIMIT,319.6400146484375,1570,771,1000
1764190500000,GOOGL,SELL,LIMIT,320.25,1570,772,1001
1764190560000,GOOGL,BUY,LIMIT,319.8999938964844,1561,773,1000
1764190560000,GOOGL,SELL,LIMIT,320.19000244140625,1561,774,1001
1764190620000,GOOGL,BUY,LIMIT,320.010009765625,1669,775,1000
1764190620000,GOOGL,SELL,LIMIT,320.19000244140625,1669,776,1001
1764190680000,GOOGL,BUY,LIMIT,320.07000732421875,2270,777,1000
1764190680000,GOOGL,SELL,LIMIT,320.2049865722656,2270,778,1001
1764190740000,GOOGL,BUY,LIMIT,319.9150085449219,5049,779,1000
1764190740000,GOOGL,SELL,LIMIT,320.2200012207031,5049,780,1001
